Name,Season,Type,Activities,Category
Mumbai,Winter,Beach,"NightLife, Historical Places, Food, Adventure Parks",Beach Family
Goa,Winter,Beach,"WaterSports, AdventureSports, NightLife, SightSeeing",Beach Adventure Sports
Dharamshala,Spring,Mountains,"Hiking, Temples, AdventureSports, SightSeeing",Mountains Adventure Sports Family Temple
Delhi,Spring/Autumn,Plains,"NightLife, Historical Places, Food, SightSeeing",Plains Family
Pondicherry,Winter,Beach,"SkyDiving, WaterSports",Beach Adventure Sports
Deesa,Throughout Year,Plains,SkyDiving,Plains Adventure Sports
Bir Billing,Spring/Autumn,Mountains,"Paragliding,SkyDiving",Mountains Adventure Sports
Kudremukh,Summer,Mountains,"Hiking, Mountains, WildLife",Mountains Adventure Sports Family 
Bangalore,Throughout Year,Plains,NightLife,Plains NightLife
Chandigarh,Autmn,Plains,NightLife,Plains NightLife
Manali,Summer,Mountains,"AdventureSports, WaterSports, SightSeeing",Mountains Adventure Sports
Rishikesh,Spring/Autumn,Mountains,"AdventureSports, WaterSports",Mountains Adventure Sports
Ooty,Winter,Mountains,"SightSeeing, Mountains",Mountains Family
Vaishnodevi,Summer,Mountains,Temples,Mountains Family Temple
Haridwar,Autmn,Plains,Temples,Plains Family Temple
Gulmarg,Throughout Year,Mountains,"SightSeeing, Mountains",Mountains Family
Srinagar,Summer,Mountains,"SightSeeing, Mountains",Mountains Family
Leh Ladak,Summer,Mountains,"SightSeeing, Mountains",Mountains Family
Munnar,Throughout Year,Mountains,"SightSeeing, Mountains",Mountains Family
Amritsar,Winter,Plains,"SightSeeing, Plains",Plains Family
Darjeeling,Summer,Mountains,"SightSeeing, Mountains",Mountains Family
Port Blair,Throughout Year,Beach,"SightSeeing, Beach, Wildlife",Beach Family
Shilong,Throughout Year,Mountains,"SightSeeing, Mountains",Mountains Family
Guwahati,Throughout Year,Mountains,"SightSeeing, Mountains",Mountains Family
Gangtok,Spring/Autumn,Mountains,"SightSeeing, Mountains, NightLife",Mountains Family
Pelling,Winter,Mountains,"SightSeeing, Mountains",Mountains Family
Kovalam,Winter,Beach,WaterSports,Beach Adventure Sports
Zanskar,Summer,Mountains,"SightSeeing, Mountains, WaterSports",Mountains Adventure Sports
Kolkata,Winter,Plains,"SightSeeing, Plains, Historical Places",Plains Family
Hyderabad,Winter,Plains,"SightSeeing, Plains, Historical Places",Plains Family
Jaipur,Winter,Plains,"SightSeeing, Plains, Historical Places",Plains Family
Jaisalmer,Winter,Plains,"SightSeeing, Plains, DesertActivities",Plains Family Desert
Udaipur,Winter,Plains,"SightSeeing, Plains, DesertActivities",Plains Family Desert
Mount Abu,Autmn,Mountains,"SightSeeing, Mountains, Temples",Mountains Family
Ujjain,Winter,Plains,"SightSeeing, Plains",Plains Family
Gwalior,Winter,Plains,"SightSeeing, Plains",Plains Family
Kullu,Summer,Mountains,"SightSeeing, Mountains, Hiking, AdventureSports",Mountains Adventure Sports
Nanital,Spring/Autumn,Mountains,"SightSeeing, Mountains",Mountain Family
Shirdi,Winter,Plains,"SightSeeing, Plains, Temples",Plains Family Temple
Agra,Winter,Plains,"SightSeeing, Plains",Plains Family
Vrindavan,Winter,Plains,"SightSeeing, Plains, Temples",Plains Family Temple
Kurukshetra,Winter,Plains,"SightSeeing, Plains",Plains Family
Jim Corbbet,Throughout Year,Plains,"SightSeeing, Plains, Wildlife",Plains Family
